{"stat.useItem.397":1,"stat.walkOneCm":116778,"stat.entityKilledBy.Spider":1,"achievement.openInventory":12,"stat.craftItem.5":60,"stat.leaveGame":49,"stat.craftItem.280":16,"stat.damageTaken":2255,"stat.mineBlock.1":4,"stat.mobKills":1,"stat.flyOneCm":29069,"stat.craftItem.58":2,"stat.mineBlock.16":11,"stat.deaths":2,"stat.mineBlock.18":8,"stat.drop":20,"stat.mineBlock.17":21,"stat.useItem.50":2,"stat.jump":244,"stat.swimOneCm":4435,"achievement.buildPickaxe":1,"stat.playOneMinute":32604,"stat.fallOneCm":6971,"stat.craftItem.50":20,"stat.useItem.4":4,"stat.useItem.5":10,"achievement.buildWorkBench":2,"stat.craftItem.270":1,"stat.damageDealt":265,"stat.killEntity.Zombie":1,"achievement.mineWood":21,"achievement.exploreAllBiomes":{"value":0,"progress":["Beach","DesertHills","Stone Beach","River","Forest","Ocean","Desert","Extreme Hills"]},"stat.useItem.270":15,"stat.diveOneCm":5970,"stat.mineBlock.31":5,"stat.useItem.58":1}