{"stat.useItem.20":71,"stat.useItem.276":1,"stat.useItem.66":23,"stat.walkOneCm":81358,"stat.useItem.85":13,"stat.useItem.259":5,"achievement.openInventory":82,"stat.leaveGame":1,"stat.damageTaken":1720,"stat.mobKills":11,"stat.minecartOneCm":26098,"stat.useItem.46":1,"stat.useItem.27":95,"stat.useItem.76":14,"stat.useItem.383":1,"stat.useItem.54":3,"stat.flyOneCm":759480,"stat.deaths":1,"stat.drop":123,"stat.useItem.145":44,"stat.jump":197,"stat.useItem.95":78,"stat.useItem.96":1,"stat.useItem.323":1,"stat.useItem.389":2,"stat.playOneMinute":129967,"stat.useItem.1":647,"stat.useItem.4":2,"stat.damageDealt":480,"stat.killEntity.Zombie":1,"stat.killEntity.Blizz":10,"stat.useItem.35":22,"achievement.exploreAllBiomes":{"value":0,"progress":["DesertHills","River","Desert"]},"stat.useItem.13":3}