{"stat.useItem.331":6,"stat.useItem.66":1,"stat.useItem.276":2,"stat.walkOneCm":192574,"stat.useItem.259":3,"achievement.openInventory":24,"stat.killEntity.witherSkeleton":2,"stat.leaveGame":1,"stat.damageTaken":3745,"stat.killEntity.Slime":5,"stat.mobKills":8,"stat.minecartOneCm":97626,"stat.useItem.24":5,"stat.useItem.49":44,"stat.useItem.27":18,"stat.useItem.76":10,"stat.useItem.383":29,"stat.useItem.54":1,"stat.flyOneCm":909877,"stat.useItem.56":1,"stat.deaths":2,"stat.drop":48,"stat.useItem.123":4,"stat.useItem.145":3,"stat.jump":550,"stat.useItem.95":11,"stat.useItem.389":10,"stat.playOneMinute":130604,"stat.fallOneCm":249,"stat.useItem.1":176,"stat.useItem.4":2,"stat.damageDealt":375,"stat.killEntity.Zombie":1,"achievement.exploreAllBiomes":{"value":0,"progress":["DesertHills","Birch Forest","Forest","River","Desert","Hell"]}}