{"stat.useItem.154":9,"stat.walkOneCm":120037,"stat.entityKilledBy.Spider":1,"stat.useItem.85":18,"achievement.openInventory":45,"stat.leaveGame":38,"stat.damageTaken":1150,"stat.mineBlock.3":4,"stat.useItem.24":12,"stat.useItem.69":1,"stat.mineBlock.35":16,"stat.useItem.54":4,"stat.flyOneCm":130120,"stat.deaths":2,"stat.useItem.12":23,"stat.drop":10,"stat.useItem.50":9,"stat.jump":215,"stat.swimOneCm":766,"stat.useItem.324":3,"stat.useItem.323":3,"stat.playOneMinute":44483,"stat.fallOneCm":5084,"stat.useItem.3":2,"stat.damageDealt":215,"achievement.exploreAllBiomes":{"value":0,"progress":["DesertHills","Forest","River","Desert"]},"stat.useItem.35":53,"stat.mineBlock.12":3}