{"stat.useItem.152":1,"stat.useItem.331":3,"stat.useItem.66":45,"stat.walkOneCm":37388,"stat.useItem.85":25,"stat.useItem.356":2,"stat.useItem.259":28,"achievement.openInventory":32,"stat.leaveGame":2,"stat.minecartOneCm":22370,"stat.useItem.69":1,"stat.useItem.27":60,"stat.useItem.76":22,"stat.useItem.383":45,"stat.flyOneCm":594831,"stat.deaths":1,"stat.useItem.7":11,"stat.drop":10,"stat.useItem.145":22,"stat.jump":97,"stat.swimOneCm":198,"stat.playOneMinute":103859,"stat.useItem.1":21,"stat.useItem.4":94,"stat.damageDealt":105,"stat.useItem.35":67,"achievement.exploreAllBiomes":{"value":0,"progress":["DesertHills","River","Forest","Desert"]}}